--
-- PostgreSQL database dump
--

-- Dumped from database version 14.11 (Homebrew)
-- Dumped by pg_dump version 14.11 (Homebrew)

SET statement_timeout = 0;
SET lock_timeout = 0;
SET idle_in_transaction_session_timeout = 0;
SET client_encoding = 'UTF8';
SET standard_conforming_strings = on;
SELECT pg_catalog.set_config('search_path', '', false);
SET check_function_bodies = false;
SET xmloption = content;
SET client_min_messages = warning;
SET row_security = off;

SET default_tablespace = '';

SET default_table_access_method = heap;

--
-- Name: auth_group; Type: TABLE; Schema: public; Owner: -
--

CREATE TABLE public.auth_group (
    id integer NOT NULL,
    name character varying(150) NOT NULL
);


--
-- Name: auth_group_id_seq; Type: SEQUENCE; Schema: public; Owner: -
--

ALTER TABLE public.auth_group ALTER COLUMN id ADD GENERATED BY DEFAULT AS IDENTITY (
    SEQUENCE NAME public.auth_group_id_seq
    START WITH 1
    INCREMENT BY 1
    NO MINVALUE
    NO MAXVALUE
    CACHE 1
);


--
-- Name: auth_group_permissions; Type: TABLE; Schema: public; Owner: -
--

CREATE TABLE public.auth_group_permissions (
    id bigint NOT NULL,
    group_id integer NOT NULL,
    permission_id integer NOT NULL
);


--
-- Name: auth_group_permissions_id_seq; Type: SEQUENCE; Schema: public; Owner: -
--

ALTER TABLE public.auth_group_permissions ALTER COLUMN id ADD GENERATED BY DEFAULT AS IDENTITY (
    SEQUENCE NAME public.auth_group_permissions_id_seq
    START WITH 1
    INCREMENT BY 1
    NO MINVALUE
    NO MAXVALUE
    CACHE 1
);


--
-- Name: auth_permission; Type: TABLE; Schema: public; Owner: -
--

CREATE TABLE public.auth_permission (
    id integer NOT NULL,
    name character varying(255) NOT NULL,
    content_type_id integer NOT NULL,
    codename character varying(100) NOT NULL
);


--
-- Name: auth_permission_id_seq; Type: SEQUENCE; Schema: public; Owner: -
--

ALTER TABLE public.auth_permission ALTER COLUMN id ADD GENERATED BY DEFAULT AS IDENTITY (
    SEQUENCE NAME public.auth_permission_id_seq
    START WITH 1
    INCREMENT BY 1
    NO MINVALUE
    NO MAXVALUE
    CACHE 1
);


--
-- Name: auth_user; Type: TABLE; Schema: public; Owner: -
--

CREATE TABLE public.auth_user (
    id integer NOT NULL,
    password character varying(128) NOT NULL,
    last_login timestamp with time zone,
    is_superuser boolean NOT NULL,
    username character varying(150) NOT NULL,
    first_name character varying(150) NOT NULL,
    last_name character varying(150) NOT NULL,
    email character varying(254) NOT NULL,
    is_staff boolean NOT NULL,
    is_active boolean NOT NULL,
    date_joined timestamp with time zone NOT NULL
);


--
-- Name: auth_user_groups; Type: TABLE; Schema: public; Owner: -
--

CREATE TABLE public.auth_user_groups (
    id bigint NOT NULL,
    user_id integer NOT NULL,
    group_id integer NOT NULL
);


--
-- Name: auth_user_groups_id_seq; Type: SEQUENCE; Schema: public; Owner: -
--

ALTER TABLE public.auth_user_groups ALTER COLUMN id ADD GENERATED BY DEFAULT AS IDENTITY (
    SEQUENCE NAME public.auth_user_groups_id_seq
    START WITH 1
    INCREMENT BY 1
    NO MINVALUE
    NO MAXVALUE
    CACHE 1
);


--
-- Name: auth_user_id_seq; Type: SEQUENCE; Schema: public; Owner: -
--

ALTER TABLE public.auth_user ALTER COLUMN id ADD GENERATED BY DEFAULT AS IDENTITY (
    SEQUENCE NAME public.auth_user_id_seq
    START WITH 1
    INCREMENT BY 1
    NO MINVALUE
    NO MAXVALUE
    CACHE 1
);


--
-- Name: auth_user_user_permissions; Type: TABLE; Schema: public; Owner: -
--

CREATE TABLE public.auth_user_user_permissions (
    id bigint NOT NULL,
    user_id integer NOT NULL,
    permission_id integer NOT NULL
);


--
-- Name: auth_user_user_permissions_id_seq; Type: SEQUENCE; Schema: public; Owner: -
--

ALTER TABLE public.auth_user_user_permissions ALTER COLUMN id ADD GENERATED BY DEFAULT AS IDENTITY (
    SEQUENCE NAME public.auth_user_user_permissions_id_seq
    START WITH 1
    INCREMENT BY 1
    NO MINVALUE
    NO MAXVALUE
    CACHE 1
);


--
-- Name: django_admin_log; Type: TABLE; Schema: public; Owner: -
--

CREATE TABLE public.django_admin_log (
    id integer NOT NULL,
    action_time timestamp with time zone NOT NULL,
    object_id text,
    object_repr character varying(200) NOT NULL,
    action_flag smallint NOT NULL,
    change_message text NOT NULL,
    content_type_id integer,
    user_id integer NOT NULL,
    CONSTRAINT django_admin_log_action_flag_check CHECK ((action_flag >= 0))
);


--
-- Name: django_admin_log_id_seq; Type: SEQUENCE; Schema: public; Owner: -
--

ALTER TABLE public.django_admin_log ALTER COLUMN id ADD GENERATED BY DEFAULT AS IDENTITY (
    SEQUENCE NAME public.django_admin_log_id_seq
    START WITH 1
    INCREMENT BY 1
    NO MINVALUE
    NO MAXVALUE
    CACHE 1
);


--
-- Name: django_content_type; Type: TABLE; Schema: public; Owner: -
--

CREATE TABLE public.django_content_type (
    id integer NOT NULL,
    app_label character varying(100) NOT NULL,
    model character varying(100) NOT NULL
);


--
-- Name: django_content_type_id_seq; Type: SEQUENCE; Schema: public; Owner: -
--

ALTER TABLE public.django_content_type ALTER COLUMN id ADD GENERATED BY DEFAULT AS IDENTITY (
    SEQUENCE NAME public.django_content_type_id_seq
    START WITH 1
    INCREMENT BY 1
    NO MINVALUE
    NO MAXVALUE
    CACHE 1
);


--
-- Name: django_migrations; Type: TABLE; Schema: public; Owner: -
--

CREATE TABLE public.django_migrations (
    id bigint NOT NULL,
    app character varying(255) NOT NULL,
    name character varying(255) NOT NULL,
    applied timestamp with time zone NOT NULL
);


--
-- Name: django_migrations_id_seq; Type: SEQUENCE; Schema: public; Owner: -
--

ALTER TABLE public.django_migrations ALTER COLUMN id ADD GENERATED BY DEFAULT AS IDENTITY (
    SEQUENCE NAME public.django_migrations_id_seq
    START WITH 1
    INCREMENT BY 1
    NO MINVALUE
    NO MAXVALUE
    CACHE 1
);


--
-- Name: django_session; Type: TABLE; Schema: public; Owner: -
--

CREATE TABLE public.django_session (
    session_key character varying(40) NOT NULL,
    session_data text NOT NULL,
    expire_date timestamp with time zone NOT NULL
);


--
-- Name: orders_deliveryorder; Type: TABLE; Schema: public; Owner: -
--

CREATE TABLE public.orders_deliveryorder (
    order_ptr_id bigint NOT NULL,
    address character varying(50) NOT NULL,
    phone_number character varying(50) NOT NULL,
    ready boolean NOT NULL
);


--
-- Name: orders_order; Type: TABLE; Schema: public; Owner: -
--

CREATE TABLE public.orders_order (
    id bigint NOT NULL,
    created_at timestamp with time zone NOT NULL,
    updated_at timestamp with time zone NOT NULL,
    paid boolean NOT NULL,
    delivered boolean NOT NULL,
    delivered_at timestamp with time zone,
    payment_method character varying(50),
    discount numeric(3,2) NOT NULL,
    commentary character varying(255)
);


--
-- Name: orders_order_id_seq; Type: SEQUENCE; Schema: public; Owner: -
--

ALTER TABLE public.orders_order ALTER COLUMN id ADD GENERATED BY DEFAULT AS IDENTITY (
    SEQUENCE NAME public.orders_order_id_seq
    START WITH 1
    INCREMENT BY 1
    NO MINVALUE
    NO MAXVALUE
    CACHE 1
);


--
-- Name: orders_orderitem; Type: TABLE; Schema: public; Owner: -
--

CREATE TABLE public.orders_orderitem (
    id bigint NOT NULL,
    quantity integer NOT NULL,
    order_id bigint NOT NULL,
    product_id bigint,
    commentary character varying(255),
    CONSTRAINT orders_orderitem_quantity_check CHECK ((quantity >= 0))
);


--
-- Name: orders_orderitem_extras; Type: TABLE; Schema: public; Owner: -
--

CREATE TABLE public.orders_orderitem_extras (
    id bigint NOT NULL,
    orderitem_id bigint NOT NULL,
    productextra_id bigint NOT NULL
);


--
-- Name: orders_orderitem_extras_id_seq; Type: SEQUENCE; Schema: public; Owner: -
--

ALTER TABLE public.orders_orderitem_extras ALTER COLUMN id ADD GENERATED BY DEFAULT AS IDENTITY (
    SEQUENCE NAME public.orders_orderitem_extras_id_seq
    START WITH 1
    INCREMENT BY 1
    NO MINVALUE
    NO MAXVALUE
    CACHE 1
);


--
-- Name: orders_orderitem_id_seq; Type: SEQUENCE; Schema: public; Owner: -
--

ALTER TABLE public.orders_orderitem ALTER COLUMN id ADD GENERATED BY DEFAULT AS IDENTITY (
    SEQUENCE NAME public.orders_orderitem_id_seq
    START WITH 1
    INCREMENT BY 1
    NO MINVALUE
    NO MAXVALUE
    CACHE 1
);


--
-- Name: orders_tableorder; Type: TABLE; Schema: public; Owner: -
--

CREATE TABLE public.orders_tableorder (
    order_ptr_id bigint NOT NULL,
    table_id bigint NOT NULL,
    status_closed boolean NOT NULL
);


--
-- Name: orders_takeawayorder; Type: TABLE; Schema: public; Owner: -
--

CREATE TABLE public.orders_takeawayorder (
    order_ptr_id bigint NOT NULL,
    phone_number character varying(50),
    ready boolean NOT NULL,
    branch_staff_id bigint
);


--
-- Name: products_category; Type: TABLE; Schema: public; Owner: -
--

CREATE TABLE public.products_category (
    id bigint NOT NULL,
    name character varying(50) NOT NULL,
    description character varying(50) NOT NULL,
    photo character varying(100),
    identifier_color character varying(7),
    identifier_icon character varying(255),
    restaurant_id bigint NOT NULL
);


--
-- Name: products_category_id_seq; Type: SEQUENCE; Schema: public; Owner: -
--

ALTER TABLE public.products_category ALTER COLUMN id ADD GENERATED BY DEFAULT AS IDENTITY (
    SEQUENCE NAME public.products_category_id_seq
    START WITH 1
    INCREMENT BY 1
    NO MINVALUE
    NO MAXVALUE
    CACHE 1
);


--
-- Name: products_categoryextra; Type: TABLE; Schema: public; Owner: -
--

CREATE TABLE public.products_categoryextra (
    id bigint NOT NULL,
    name character varying(50) NOT NULL,
    description character varying(50) NOT NULL,
    photo character varying(100)
);


--
-- Name: products_categoryextra_id_seq; Type: SEQUENCE; Schema: public; Owner: -
--

ALTER TABLE public.products_categoryextra ALTER COLUMN id ADD GENERATED BY DEFAULT AS IDENTITY (
    SEQUENCE NAME public.products_categoryextra_id_seq
    START WITH 1
    INCREMENT BY 1
    NO MINVALUE
    NO MAXVALUE
    CACHE 1
);


--
-- Name: products_product; Type: TABLE; Schema: public; Owner: -
--

CREATE TABLE public.products_product (
    id bigint NOT NULL,
    name character varying(50) NOT NULL,
    photo character varying(100),
    description character varying(50) NOT NULL,
    price numeric(20,2) NOT NULL,
    category_id bigint,
    discount integer NOT NULL,
    CONSTRAINT products_product_discount_check CHECK ((discount >= 0))
);


--
-- Name: products_item_id_seq; Type: SEQUENCE; Schema: public; Owner: -
--

ALTER TABLE public.products_product ALTER COLUMN id ADD GENERATED BY DEFAULT AS IDENTITY (
    SEQUENCE NAME public.products_item_id_seq
    START WITH 1
    INCREMENT BY 1
    NO MINVALUE
    NO MAXVALUE
    CACHE 1
);


--
-- Name: products_productextra; Type: TABLE; Schema: public; Owner: -
--

CREATE TABLE public.products_productextra (
    id bigint NOT NULL,
    name character varying(50) NOT NULL,
    photo character varying(100),
    description character varying(50),
    price numeric(5,2) NOT NULL,
    category_id bigint,
    product_id bigint NOT NULL
);


--
-- Name: products_productextra_id_seq; Type: SEQUENCE; Schema: public; Owner: -
--

ALTER TABLE public.products_productextra ALTER COLUMN id ADD GENERATED BY DEFAULT AS IDENTITY (
    SEQUENCE NAME public.products_productextra_id_seq
    START WITH 1
    INCREMENT BY 1
    NO MINVALUE
    NO MAXVALUE
    CACHE 1
);


--
-- Name: restaurant_branch; Type: TABLE; Schema: public; Owner: -
--

CREATE TABLE public.restaurant_branch (
    id bigint NOT NULL,
    name character varying(50) NOT NULL,
    address character varying(50) NOT NULL,
    phone character varying(50) NOT NULL,
    created_at timestamp with time zone NOT NULL,
    updated_at timestamp with time zone NOT NULL,
    employees_id bigint,
    restaurant_id bigint NOT NULL
);


--
-- Name: restaurant_branch_id_seq; Type: SEQUENCE; Schema: public; Owner: -
--

ALTER TABLE public.restaurant_branch ALTER COLUMN id ADD GENERATED BY DEFAULT AS IDENTITY (
    SEQUENCE NAME public.restaurant_branch_id_seq
    START WITH 1
    INCREMENT BY 1
    NO MINVALUE
    NO MAXVALUE
    CACHE 1
);


--
-- Name: restaurant_restaurant; Type: TABLE; Schema: public; Owner: -
--

CREATE TABLE public.restaurant_restaurant (
    id bigint NOT NULL,
    name character varying(50) NOT NULL,
    created_at timestamp with time zone NOT NULL,
    updated_at timestamp with time zone NOT NULL,
    website character varying(200) NOT NULL,
    banner character varying(100)
);


--
-- Name: restaurant_restaurant_id_seq; Type: SEQUENCE; Schema: public; Owner: -
--

ALTER TABLE public.restaurant_restaurant ALTER COLUMN id ADD GENERATED BY DEFAULT AS IDENTITY (
    SEQUENCE NAME public.restaurant_restaurant_id_seq
    START WITH 1
    INCREMENT BY 1
    NO MINVALUE
    NO MAXVALUE
    CACHE 1
);


--
-- Name: restaurant_table; Type: TABLE; Schema: public; Owner: -
--

CREATE TABLE public.restaurant_table (
    id bigint NOT NULL,
    number integer NOT NULL,
    capacity integer NOT NULL,
    branch_id bigint NOT NULL,
    waiter_id bigint
);


--
-- Name: restaurant_table_id_seq; Type: SEQUENCE; Schema: public; Owner: -
--

ALTER TABLE public.restaurant_table ALTER COLUMN id ADD GENERATED BY DEFAULT AS IDENTITY (
    SEQUENCE NAME public.restaurant_table_id_seq
    START WITH 1
    INCREMENT BY 1
    NO MINVALUE
    NO MAXVALUE
    CACHE 1
);


--
-- Name: subscription_plan; Type: TABLE; Schema: public; Owner: -
--

CREATE TABLE public.subscription_plan (
    id bigint NOT NULL,
    name character varying(100) NOT NULL,
    description text NOT NULL,
    price numeric(10,2) NOT NULL,
    duration_days integer NOT NULL
);


--
-- Name: subscription_plan_id_seq; Type: SEQUENCE; Schema: public; Owner: -
--

ALTER TABLE public.subscription_plan ALTER COLUMN id ADD GENERATED BY DEFAULT AS IDENTITY (
    SEQUENCE NAME public.subscription_plan_id_seq
    START WITH 1
    INCREMENT BY 1
    NO MINVALUE
    NO MAXVALUE
    CACHE 1
);


--
-- Name: subscription_subscription; Type: TABLE; Schema: public; Owner: -
--

CREATE TABLE public.subscription_subscription (
    id bigint NOT NULL,
    start_date timestamp with time zone NOT NULL,
    end_date timestamp with time zone NOT NULL,
    is_active boolean NOT NULL,
    plan_id bigint NOT NULL,
    restaurant_id bigint NOT NULL
);


--
-- Name: subscription_subscription_id_seq; Type: SEQUENCE; Schema: public; Owner: -
--

ALTER TABLE public.subscription_subscription ALTER COLUMN id ADD GENERATED BY DEFAULT AS IDENTITY (
    SEQUENCE NAME public.subscription_subscription_id_seq
    START WITH 1
    INCREMENT BY 1
    NO MINVALUE
    NO MAXVALUE
    CACHE 1
);


--
-- Name: subscription_subscriptionfeature; Type: TABLE; Schema: public; Owner: -
--

CREATE TABLE public.subscription_subscriptionfeature (
    id bigint NOT NULL,
    name character varying(100) NOT NULL,
    description text NOT NULL,
    plan_id bigint NOT NULL
);


--
-- Name: subscription_subscriptionfeature_id_seq; Type: SEQUENCE; Schema: public; Owner: -
--

ALTER TABLE public.subscription_subscriptionfeature ALTER COLUMN id ADD GENERATED BY DEFAULT AS IDENTITY (
    SEQUENCE NAME public.subscription_subscriptionfeature_id_seq
    START WITH 1
    INCREMENT BY 1
    NO MINVALUE
    NO MAXVALUE
    CACHE 1
);


--
-- Name: users_admin; Type: TABLE; Schema: public; Owner: -
--

CREATE TABLE public.users_admin (
    person_ptr_id bigint NOT NULL
);


--
-- Name: users_branchstaff; Type: TABLE; Schema: public; Owner: -
--

CREATE TABLE public.users_branchstaff (
    employee_ptr_id bigint NOT NULL
);


--
-- Name: users_cashier; Type: TABLE; Schema: public; Owner: -
--

CREATE TABLE public.users_cashier (
    employee_ptr_id bigint NOT NULL
);


--
-- Name: users_employee; Type: TABLE; Schema: public; Owner: -
--

CREATE TABLE public.users_employee (
    person_ptr_id bigint NOT NULL,
    started_at timestamp with time zone NOT NULL,
    ended_at timestamp with time zone,
    branch_id bigint
);


--
-- Name: users_kitchen; Type: TABLE; Schema: public; Owner: -
--

CREATE TABLE public.users_kitchen (
    employee_ptr_id bigint NOT NULL
);


--
-- Name: users_manager; Type: TABLE; Schema: public; Owner: -
--

CREATE TABLE public.users_manager (
    employee_ptr_id bigint NOT NULL,
    restaurant_id bigint
);


--
-- Name: users_person; Type: TABLE; Schema: public; Owner: -
--

CREATE TABLE public.users_person (
    id bigint NOT NULL,
    phone character varying(50) NOT NULL,
    created_at timestamp with time zone NOT NULL,
    updated_at timestamp with time zone NOT NULL,
    user_id integer NOT NULL
);


--
-- Name: users_person_id_seq; Type: SEQUENCE; Schema: public; Owner: -
--

ALTER TABLE public.users_person ALTER COLUMN id ADD GENERATED BY DEFAULT AS IDENTITY (
    SEQUENCE NAME public.users_person_id_seq
    START WITH 1
    INCREMENT BY 1
    NO MINVALUE
    NO MAXVALUE
    CACHE 1
);


--
-- Name: users_waiter; Type: TABLE; Schema: public; Owner: -
--

CREATE TABLE public.users_waiter (
    employee_ptr_id bigint NOT NULL
);


--
-- Data for Name: auth_group; Type: TABLE DATA; Schema: public; Owner: -
--

COPY public.auth_group (id, name) FROM stdin;
\.


--
-- Data for Name: auth_group_permissions; Type: TABLE DATA; Schema: public; Owner: -
--

COPY public.auth_group_permissions (id, group_id, permission_id) FROM stdin;
\.


--
-- Data for Name: auth_permission; Type: TABLE DATA; Schema: public; Owner: -
--

COPY public.auth_permission (id, name, content_type_id, codename) FROM stdin;
1	Can add log entry	1	add_logentry
2	Can change log entry	1	change_logentry
3	Can delete log entry	1	delete_logentry
4	Can view log entry	1	view_logentry
5	Can add permission	2	add_permission
6	Can change permission	2	change_permission
7	Can delete permission	2	delete_permission
8	Can view permission	2	view_permission
9	Can add group	3	add_group
10	Can change group	3	change_group
11	Can delete group	3	delete_group
12	Can view group	3	view_group
13	Can add user	4	add_user
14	Can change user	4	change_user
15	Can delete user	4	delete_user
16	Can view user	4	view_user
17	Can add content type	5	add_contenttype
18	Can change content type	5	change_contenttype
19	Can delete content type	5	delete_contenttype
20	Can view content type	5	view_contenttype
21	Can add session	6	add_session
22	Can change session	6	change_session
23	Can delete session	6	delete_session
24	Can view session	6	view_session
25	Can add item	7	add_item
26	Can change item	7	change_item
27	Can delete item	7	delete_item
28	Can view item	7	view_item
29	Can add order	8	add_order
30	Can change order	8	change_order
31	Can delete order	8	delete_order
32	Can view order	8	view_order
33	Can add delivery order	9	add_deliveryorder
34	Can change delivery order	9	change_deliveryorder
35	Can delete delivery order	9	delete_deliveryorder
36	Can view delivery order	9	view_deliveryorder
37	Can add table order	10	add_tableorder
38	Can change table order	10	change_tableorder
39	Can delete table order	10	delete_tableorder
40	Can view table order	10	view_tableorder
41	Can add take away order	11	add_takeawayorder
42	Can change take away order	11	change_takeawayorder
43	Can delete take away order	11	delete_takeawayorder
44	Can view take away order	11	view_takeawayorder
45	Can add order item	12	add_orderitem
46	Can change order item	12	change_orderitem
47	Can delete order item	12	delete_orderitem
48	Can view order item	12	view_orderitem
49	Can add person	13	add_person
50	Can change person	13	change_person
51	Can delete person	13	delete_person
52	Can view person	13	view_person
53	Can add admin	14	add_admin
54	Can change admin	14	change_admin
55	Can delete admin	14	delete_admin
56	Can view admin	14	view_admin
57	Can add employee	15	add_employee
58	Can change employee	15	change_employee
59	Can delete employee	15	delete_employee
60	Can view employee	15	view_employee
61	Can add branch staff	16	add_branchstaff
62	Can change branch staff	16	change_branchstaff
63	Can delete branch staff	16	delete_branchstaff
64	Can view branch staff	16	view_branchstaff
65	Can add cashier	17	add_cashier
66	Can change cashier	17	change_cashier
67	Can delete cashier	17	delete_cashier
68	Can view cashier	17	view_cashier
69	Can add kitchen	18	add_kitchen
70	Can change kitchen	18	change_kitchen
71	Can delete kitchen	18	delete_kitchen
72	Can view kitchen	18	view_kitchen
73	Can add waiter	19	add_waiter
74	Can change waiter	19	change_waiter
75	Can delete waiter	19	delete_waiter
76	Can view waiter	19	view_waiter
77	Can add manager	20	add_manager
78	Can change manager	20	change_manager
79	Can delete manager	20	delete_manager
80	Can view manager	20	view_manager
81	Can add branch	21	add_branch
82	Can change branch	21	change_branch
83	Can delete branch	21	delete_branch
84	Can view branch	21	view_branch
85	Can add restaurant	22	add_restaurant
86	Can change restaurant	22	change_restaurant
87	Can delete restaurant	22	delete_restaurant
88	Can view restaurant	22	view_restaurant
89	Can add table	23	add_table
90	Can change table	23	change_table
91	Can delete table	23	delete_table
92	Can view table	23	view_table
93	Can add plan	24	add_plan
94	Can change plan	24	change_plan
95	Can delete plan	24	delete_plan
96	Can view plan	24	view_plan
97	Can add subscription	25	add_subscription
98	Can change subscription	25	change_subscription
99	Can delete subscription	25	delete_subscription
100	Can view subscription	25	view_subscription
101	Can add subscription feature	26	add_subscriptionfeature
102	Can change subscription feature	26	change_subscriptionfeature
103	Can delete subscription feature	26	delete_subscriptionfeature
104	Can view subscription feature	26	view_subscriptionfeature
105	Can add category	27	add_category
106	Can change category	27	change_category
107	Can delete category	27	delete_category
108	Can view category	27	view_category
109	Can add product	7	add_product
110	Can change product	7	change_product
111	Can delete product	7	delete_product
112	Can view product	7	view_product
113	Can add category extra	28	add_categoryextra
114	Can change category extra	28	change_categoryextra
115	Can delete category extra	28	delete_categoryextra
116	Can view category extra	28	view_categoryextra
117	Can add product extra	29	add_productextra
118	Can change product extra	29	change_productextra
119	Can delete product extra	29	delete_productextra
120	Can view product extra	29	view_productextra
\.


--
-- Data for Name: auth_user; Type: TABLE DATA; Schema: public; Owner: -
--

COPY public.auth_user (id, password, last_login, is_superuser, username, first_name, last_name, email, is_staff, is_active, date_joined) FROM stdin;
1	pbkdf2_sha256$870000$Qmp0qMyKDuhPKXO6v0XtuO$S5t4yFrIOAvVi1O9EcDpV05m9wzh9DysGWoq8t2iEKg=	\N	f	admin	Francisco	Admin	admin@admin.com	f	t	2024-09-08 19:51:14.428262-03
3	pbkdf2_sha256$870000$rOVDf9BXew9ltfSxAcfeNQ$fZtLZcaQq687PPqEH5TDVAjT/zblPXToyXuXeuHbSsE=	\N	f	octi	Octavio	Zacagnino	ozacagnino@itba.edu.ar	f	t	2024-09-08 20:02:41.253681-03
5	pbkdf2_sha256$870000$jmu8T2W7I6Ge05J8z35O61$Zfo9/2sBFDCE7JRCcq/0Z7mhL91IvtlUCtIdw3M9yMs=	\N	f	javierperal	Javier	Peral	jperalbelmont@itba.edu.ar	f	t	2024-09-10 10:30:44.512541-03
4	pbkdf2_sha256$870000$wKbhmvBjVKuOLbhsvZzZkZ$n4sbgCRxUGjP0NDeVFZxOaUcenAq6PvyOmJm/mo/xOY=	\N	f	javito	Javier	Peral	juanchi008@gmail.com	f	t	2024-09-09 16:43:53.739031-03
\.


--
-- Data for Name: auth_user_groups; Type: TABLE DATA; Schema: public; Owner: -
--

COPY public.auth_user_groups (id, user_id, group_id) FROM stdin;
\.


--
-- Data for Name: auth_user_user_permissions; Type: TABLE DATA; Schema: public; Owner: -
--

COPY public.auth_user_user_permissions (id, user_id, permission_id) FROM stdin;
\.


--
-- Data for Name: django_admin_log; Type: TABLE DATA; Schema: public; Owner: -
--

COPY public.django_admin_log (id, action_time, object_id, object_repr, action_flag, change_message, content_type_id, user_id) FROM stdin;
\.


--
-- Data for Name: django_content_type; Type: TABLE DATA; Schema: public; Owner: -
--

COPY public.django_content_type (id, app_label, model) FROM stdin;
1	admin	logentry
2	auth	permission
3	auth	group
4	auth	user
5	contenttypes	contenttype
6	sessions	session
8	orders	order
9	orders	deliveryorder
10	orders	tableorder
11	orders	takeawayorder
12	orders	orderitem
13	users	person
14	users	admin
15	users	employee
16	users	branchstaff
17	users	cashier
18	users	kitchen
19	users	waiter
20	users	manager
21	restaurant	branch
22	restaurant	restaurant
23	restaurant	table
24	subscription	plan
25	subscription	subscription
26	subscription	subscriptionfeature
7	products	product
27	products	category
28	products	categoryextra
29	products	productextra
\.


--
-- Data for Name: django_migrations; Type: TABLE DATA; Schema: public; Owner: -
--

COPY public.django_migrations (id, app, name, applied) FROM stdin;
1	contenttypes	0001_initial	2024-09-08 19:49:26.128172-03
2	auth	0001_initial	2024-09-08 19:49:26.167314-03
3	admin	0001_initial	2024-09-08 19:49:26.173212-03
4	admin	0002_logentry_remove_auto_add	2024-09-08 19:49:26.175383-03
5	admin	0003_logentry_add_action_flag_choices	2024-09-08 19:49:26.177561-03
6	contenttypes	0002_remove_content_type_name	2024-09-08 19:49:26.18455-03
7	auth	0002_alter_permission_name_max_length	2024-09-08 19:49:26.187848-03
8	auth	0003_alter_user_email_max_length	2024-09-08 19:49:26.191425-03
9	auth	0004_alter_user_username_opts	2024-09-08 19:49:26.195521-03
10	auth	0005_alter_user_last_login_null	2024-09-08 19:49:26.198359-03
11	auth	0006_require_contenttypes_0002	2024-09-08 19:49:26.199463-03
12	auth	0007_alter_validators_add_error_messages	2024-09-08 19:49:26.202284-03
13	auth	0008_alter_user_username_max_length	2024-09-08 19:49:26.238038-03
14	auth	0009_alter_user_last_name_max_length	2024-09-08 19:49:26.291929-03
15	auth	0010_alter_group_name_max_length	2024-09-08 19:49:26.345558-03
16	auth	0011_update_proxy_permissions	2024-09-08 19:49:26.418666-03
17	auth	0012_alter_user_first_name_max_length	2024-09-08 19:49:26.423395-03
18	restaurant	0001_initial	2024-09-08 19:49:26.439628-03
19	users	0001_initial	2024-09-08 19:49:26.525059-03
20	products	0001_initial	2024-09-08 19:49:26.532532-03
21	orders	0001_initial	2024-09-08 19:49:26.582382-03
22	orders	0002_initial	2024-09-08 19:49:26.600871-03
23	restaurant	0002_initial	2024-09-08 19:49:26.643882-03
24	sessions	0001_initial	2024-09-08 19:49:26.655094-03
25	subscription	0001_initial	2024-09-08 19:49:26.686488-03
26	products	0002_category_rename_item_product	2024-09-08 21:54:32.135851-03
27	products	0003_categoryextra_product_category_product_discount_and_more	2024-09-08 23:04:14.080862-03
28	orders	0003_order_discount_orderitem_extras_and_more	2024-09-08 23:04:14.12175-03
29	orders	0004_order_commentary_orderitem_commentary	2024-09-08 23:41:22.529205-03
30	products	0004_alter_productextra_category	2024-09-08 23:41:22.538699-03
31	products	0005_alter_product_price	2024-09-09 11:23:34.81815-03
32	products	0006_category_identifier_color	2024-09-09 13:34:35.333395-03
33	products	0007_category_identifier_icon	2024-09-09 13:34:35.335538-03
34	orders	0005_deliveryorder_ready_tableorder_status_closed	2024-09-09 17:50:36.750913-03
35	orders	0006_remove_takeawayorder_cashier_and_more	2024-09-09 19:52:22.323552-03
36	orders	0007_alter_orderitem_extras	2024-09-09 19:59:35.777152-03
37	orders	0008_alter_orderitem_extras	2024-09-09 23:03:29.746636-03
38	products	0008_category_restaurant	2024-09-10 22:26:22.012568-03
\.


--
-- Data for Name: django_session; Type: TABLE DATA; Schema: public; Owner: -
--

COPY public.django_session (session_key, session_data, expire_date) FROM stdin;
\.


--
-- Data for Name: orders_deliveryorder; Type: TABLE DATA; Schema: public; Owner: -
--

COPY public.orders_deliveryorder (order_ptr_id, address, phone_number, ready) FROM stdin;
\.


--
-- Data for Name: orders_order; Type: TABLE DATA; Schema: public; Owner: -
--

COPY public.orders_order (id, created_at, updated_at, paid, delivered, delivered_at, payment_method, discount, commentary) FROM stdin;
40	2024-09-10 01:55:35.462726-03	2024-09-10 01:56:02.854226-03	f	f	\N	\N	0.00	\N
39	2024-09-10 01:55:35.41375-03	2024-09-10 01:56:24.938018-03	f	f	\N	\N	0.00	\N
37	2024-09-10 01:55:35.412786-03	2024-09-10 09:35:56.751035-03	f	f	\N	\N	0.00	\N
41	2024-09-10 10:35:11.642024-03	2024-09-10 10:35:11.642053-03	f	f	\N	\N	0.00	\N
42	2024-09-10 23:18:34.573816-03	2024-09-10 23:24:21.865314-03	f	f	\N	\N	0.00	\N
\.


--
-- Data for Name: orders_orderitem; Type: TABLE DATA; Schema: public; Owner: -
--

COPY public.orders_orderitem (id, quantity, order_id, product_id, commentary) FROM stdin;
56	1	40	5	\N
57	1	39	3	\N
58	1	37	3	\N
59	1	37	5	\N
64	1	42	8	\N
\.


--
-- Data for Name: orders_orderitem_extras; Type: TABLE DATA; Schema: public; Owner: -
--

COPY public.orders_orderitem_extras (id, orderitem_id, productextra_id) FROM stdin;
\.


--
-- Data for Name: orders_tableorder; Type: TABLE DATA; Schema: public; Owner: -
--

COPY public.orders_tableorder (order_ptr_id, table_id, status_closed) FROM stdin;
\.


--
-- Data for Name: orders_takeawayorder; Type: TABLE DATA; Schema: public; Owner: -
--

COPY public.orders_takeawayorder (order_ptr_id, phone_number, ready, branch_staff_id) FROM stdin;
40	\N	f	\N
39	\N	f	\N
37	\N	f	\N
41	\N	f	\N
42	\N	f	\N
\.


--
-- Data for Name: products_category; Type: TABLE DATA; Schema: public; Owner: -
--

COPY public.products_category (id, name, description, photo, identifier_color, identifier_icon, restaurant_id) FROM stdin;
1	Sandwiches	los sandwiches		\N	\N	1
2	Platos	Los platos	categories/photo.jpg	\N	\N	1
3	Bebidas	bebidas		\N	\N	1
4	Burgas	burgas		\N	\N	1
5	Fideo	fideo		\N	\N	1
6	Alfajores	alfajor		\N	\N	1
7	Tostata	tostada		\N	\N	1
8	Cookies	coki		\N	\N	1
9	Producto2	padasd		\N	\N	1
10	Aire Acondicionado	airea		\N	\N	1
11	Light	light panel		\N	\N	1
12	Panchos	panchito		\N	\N	1
13	Tomas Pinausig Castillo	descripcion		\N	\N	1
14	aaa	aa		\N	\N	1
15	Sandwocjotp	asdas		\N	\N	1
16	Vinos	Estas son las bebidas		\N	\N	1
17	Sanwichito	EL sandwi		\N	\N	6
18	Apertura	asdas		\N	\N	6
\.


--
-- Data for Name: products_categoryextra; Type: TABLE DATA; Schema: public; Owner: -
--

COPY public.products_categoryextra (id, name, description, photo) FROM stdin;
\.


--
-- Data for Name: products_product; Type: TABLE DATA; Schema: public; Owner: -
--

COPY public.products_product (id, name, photo, description, price, category_id, discount) FROM stdin;
5	Lomito Con queso		Lomito riquisimo	12999.00	1	0
6	Empanada		my gusto	123.00	1	0
3	Hamburguesa		esto es una hamburguesa	15000.00	1	0
4	Sandwich		jamoncito	8000.00	1	0
7	malbec		catena zapata	1333.00	16	0
8	Manteca		verde	700.00	18	0
\.


--
-- Data for Name: products_productextra; Type: TABLE DATA; Schema: public; Owner: -
--

COPY public.products_productextra (id, name, photo, description, price, category_id, product_id) FROM stdin;
\.


--
-- Data for Name: restaurant_branch; Type: TABLE DATA; Schema: public; Owner: -
--

COPY public.restaurant_branch (id, name, address, phone, created_at, updated_at, employees_id, restaurant_id) FROM stdin;
\.


--
-- Data for Name: restaurant_restaurant; Type: TABLE DATA; Schema: public; Owner: -
--

COPY public.restaurant_restaurant (id, name, created_at, updated_at, website, banner) FROM stdin;
1	McDonalds	2024-09-08 19:54:33.990811-03	2024-09-08 19:54:33.990843-03	https://Mcdonalds.com	
2	La Cholita	2024-09-08 19:55:29.41961-03	2024-09-08 19:55:29.419652-03	https://lacholita.com.ar	
3	La Parolaccia	2024-09-08 20:01:25.268547-03	2024-09-08 20:01:25.268584-03	https://parolaccia.com	
4	Mostaza	2024-09-08 20:12:08.438778-03	2024-09-08 20:12:08.438818-03	https://mostaza.com.ar	
5	Kansas	2024-09-10 01:45:59.085092-03	2024-09-10 01:45:59.08511-03	https://kansas.com.ar	
6	Las Cuartetas	2024-09-10 10:30:06.048669-03	2024-09-10 10:30:06.048689-03	https://lascuarteteas.com	
\.


--
-- Data for Name: restaurant_table; Type: TABLE DATA; Schema: public; Owner: -
--

COPY public.restaurant_table (id, number, capacity, branch_id, waiter_id) FROM stdin;
\.


--
-- Data for Name: subscription_plan; Type: TABLE DATA; Schema: public; Owner: -
--

COPY public.subscription_plan (id, name, description, price, duration_days) FROM stdin;
\.


--
-- Data for Name: subscription_subscription; Type: TABLE DATA; Schema: public; Owner: -
--

COPY public.subscription_subscription (id, start_date, end_date, is_active, plan_id, restaurant_id) FROM stdin;
\.


--
-- Data for Name: subscription_subscriptionfeature; Type: TABLE DATA; Schema: public; Owner: -
--

COPY public.subscription_subscriptionfeature (id, name, description, plan_id) FROM stdin;
\.


--
-- Data for Name: users_admin; Type: TABLE DATA; Schema: public; Owner: -
--

COPY public.users_admin (person_ptr_id) FROM stdin;
1
\.


--
-- Data for Name: users_branchstaff; Type: TABLE DATA; Schema: public; Owner: -
--

COPY public.users_branchstaff (employee_ptr_id) FROM stdin;
\.


--
-- Data for Name: users_cashier; Type: TABLE DATA; Schema: public; Owner: -
--

COPY public.users_cashier (employee_ptr_id) FROM stdin;
\.


--
-- Data for Name: users_employee; Type: TABLE DATA; Schema: public; Owner: -
--

COPY public.users_employee (person_ptr_id, started_at, ended_at, branch_id) FROM stdin;
2	2024-09-08 20:02:41.2574-03	\N	\N
3	2024-09-09 16:43:53.742955-03	\N	\N
4	2024-09-10 10:30:44.51581-03	\N	\N
\.


--
-- Data for Name: users_kitchen; Type: TABLE DATA; Schema: public; Owner: -
--

COPY public.users_kitchen (employee_ptr_id) FROM stdin;
\.


--
-- Data for Name: users_manager; Type: TABLE DATA; Schema: public; Owner: -
--

COPY public.users_manager (employee_ptr_id, restaurant_id) FROM stdin;
2	3
3	1
4	6
\.


--
-- Data for Name: users_person; Type: TABLE DATA; Schema: public; Owner: -
--

COPY public.users_person (id, phone, created_at, updated_at, user_id) FROM stdin;
1	1234567890	2024-09-08 19:52:09.418602-03	2024-09-08 19:52:09.418624-03	1
2	01136866326	2024-09-08 20:02:41.256588-03	2024-09-08 20:02:41.256603-03	3
3	1133333333	2024-09-09 16:43:53.742167-03	2024-09-09 16:43:53.74218-03	4
4	1133333333	2024-09-10 10:30:44.514678-03	2024-09-10 10:30:44.514693-03	5
\.


--
-- Data for Name: users_waiter; Type: TABLE DATA; Schema: public; Owner: -
--

COPY public.users_waiter (employee_ptr_id) FROM stdin;
\.


--
-- Name: auth_group_id_seq; Type: SEQUENCE SET; Schema: public; Owner: -
--

SELECT pg_catalog.setval('public.auth_group_id_seq', 1, false);


--
-- Name: auth_group_permissions_id_seq; Type: SEQUENCE SET; Schema: public; Owner: -
--

SELECT pg_catalog.setval('public.auth_group_permissions_id_seq', 1, false);


--
-- Name: auth_permission_id_seq; Type: SEQUENCE SET; Schema: public; Owner: -
--

SELECT pg_catalog.setval('public.auth_permission_id_seq', 120, true);


--
-- Name: auth_user_groups_id_seq; Type: SEQUENCE SET; Schema: public; Owner: -
--

SELECT pg_catalog.setval('public.auth_user_groups_id_seq', 1, false);


--
-- Name: auth_user_id_seq; Type: SEQUENCE SET; Schema: public; Owner: -
--

SELECT pg_catalog.setval('public.auth_user_id_seq', 5, true);


--
-- Name: auth_user_user_permissions_id_seq; Type: SEQUENCE SET; Schema: public; Owner: -
--

SELECT pg_catalog.setval('public.auth_user_user_permissions_id_seq', 1, false);


--
-- Name: django_admin_log_id_seq; Type: SEQUENCE SET; Schema: public; Owner: -
--

SELECT pg_catalog.setval('public.django_admin_log_id_seq', 1, false);


--
-- Name: django_content_type_id_seq; Type: SEQUENCE SET; Schema: public; Owner: -
--

SELECT pg_catalog.setval('public.django_content_type_id_seq', 29, true);


--
-- Name: django_migrations_id_seq; Type: SEQUENCE SET; Schema: public; Owner: -
--

SELECT pg_catalog.setval('public.django_migrations_id_seq', 38, true);


--
-- Name: orders_order_id_seq; Type: SEQUENCE SET; Schema: public; Owner: -
--

SELECT pg_catalog.setval('public.orders_order_id_seq', 42, true);


--
-- Name: orders_orderitem_extras_id_seq; Type: SEQUENCE SET; Schema: public; Owner: -
--

SELECT pg_catalog.setval('public.orders_orderitem_extras_id_seq', 1, false);


--
-- Name: orders_orderitem_id_seq; Type: SEQUENCE SET; Schema: public; Owner: -
--

SELECT pg_catalog.setval('public.orders_orderitem_id_seq', 64, true);


--
-- Name: products_category_id_seq; Type: SEQUENCE SET; Schema: public; Owner: -
--

SELECT pg_catalog.setval('public.products_category_id_seq', 18, true);


--
-- Name: products_categoryextra_id_seq; Type: SEQUENCE SET; Schema: public; Owner: -
--

SELECT pg_catalog.setval('public.products_categoryextra_id_seq', 1, false);


--
-- Name: products_item_id_seq; Type: SEQUENCE SET; Schema: public; Owner: -
--

SELECT pg_catalog.setval('public.products_item_id_seq', 8, true);


--
-- Name: products_productextra_id_seq; Type: SEQUENCE SET; Schema: public; Owner: -
--

SELECT pg_catalog.setval('public.products_productextra_id_seq', 1, false);


--
-- Name: restaurant_branch_id_seq; Type: SEQUENCE SET; Schema: public; Owner: -
--

SELECT pg_catalog.setval('public.restaurant_branch_id_seq', 1, false);


--
-- Name: restaurant_restaurant_id_seq; Type: SEQUENCE SET; Schema: public; Owner: -
--

SELECT pg_catalog.setval('public.restaurant_restaurant_id_seq', 6, true);


--
-- Name: restaurant_table_id_seq; Type: SEQUENCE SET; Schema: public; Owner: -
--

SELECT pg_catalog.setval('public.restaurant_table_id_seq', 1, false);


--
-- Name: subscription_plan_id_seq; Type: SEQUENCE SET; Schema: public; Owner: -
--

SELECT pg_catalog.setval('public.subscription_plan_id_seq', 1, false);


--
-- Name: subscription_subscription_id_seq; Type: SEQUENCE SET; Schema: public; Owner: -
--

SELECT pg_catalog.setval('public.subscription_subscription_id_seq', 1, false);


--
-- Name: subscription_subscriptionfeature_id_seq; Type: SEQUENCE SET; Schema: public; Owner: -
--

SELECT pg_catalog.setval('public.subscription_subscriptionfeature_id_seq', 1, false);


--
-- Name: users_person_id_seq; Type: SEQUENCE SET; Schema: public; Owner: -
--

SELECT pg_catalog.setval('public.users_person_id_seq', 4, true);


--
-- Name: auth_group auth_group_name_key; Type: CONSTRAINT; Schema: public; Owner: -
--

ALTER TABLE ONLY public.auth_group
    ADD CONSTRAINT auth_group_name_key UNIQUE (name);


--
-- Name: auth_group_permissions auth_group_permissions_group_id_permission_id_0cd325b0_uniq; Type: CONSTRAINT; Schema: public; Owner: -
--

ALTER TABLE ONLY public.auth_group_permissions
    ADD CONSTRAINT auth_group_permissions_group_id_permission_id_0cd325b0_uniq UNIQUE (group_id, permission_id);


--
-- Name: auth_group_permissions auth_group_permissions_pkey; Type: CONSTRAINT; Schema: public; Owner: -
--

ALTER TABLE ONLY public.auth_group_permissions
    ADD CONSTRAINT auth_group_permissions_pkey PRIMARY KEY (id);


--
-- Name: auth_group auth_group_pkey; Type: CONSTRAINT; Schema: public; Owner: -
--

ALTER TABLE ONLY public.auth_group
    ADD CONSTRAINT auth_group_pkey PRIMARY KEY (id);


--
-- Name: auth_permission auth_permission_content_type_id_codename_01ab375a_uniq; Type: CONSTRAINT; Schema: public; Owner: -
--

ALTER TABLE ONLY public.auth_permission
    ADD CONSTRAINT auth_permission_content_type_id_codename_01ab375a_uniq UNIQUE (content_type_id, codename);


--
-- Name: auth_permission auth_permission_pkey; Type: CONSTRAINT; Schema: public; Owner: -
--

ALTER TABLE ONLY public.auth_permission
    ADD CONSTRAINT auth_permission_pkey PRIMARY KEY (id);


--
-- Name: auth_user_groups auth_user_groups_pkey; Type: CONSTRAINT; Schema: public; Owner: -
--

ALTER TABLE ONLY public.auth_user_groups
    ADD CONSTRAINT auth_user_groups_pkey PRIMARY KEY (id);


--
-- Name: auth_user_groups auth_user_groups_user_id_group_id_94350c0c_uniq; Type: CONSTRAINT; Schema: public; Owner: -
--

ALTER TABLE ONLY public.auth_user_groups
    ADD CONSTRAINT auth_user_groups_user_id_group_id_94350c0c_uniq UNIQUE (user_id, group_id);


--
-- Name: auth_user auth_user_pkey; Type: CONSTRAINT; Schema: public; Owner: -
--

ALTER TABLE ONLY public.auth_user
    ADD CONSTRAINT auth_user_pkey PRIMARY KEY (id);


--
-- Name: auth_user_user_permissions auth_user_user_permissions_pkey; Type: CONSTRAINT; Schema: public; Owner: -
--

ALTER TABLE ONLY public.auth_user_user_permissions
    ADD CONSTRAINT auth_user_user_permissions_pkey PRIMARY KEY (id);


--
-- Name: auth_user_user_permissions auth_user_user_permissions_user_id_permission_id_14a6b632_uniq; Type: CONSTRAINT; Schema: public; Owner: -
--

ALTER TABLE ONLY public.auth_user_user_permissions
    ADD CONSTRAINT auth_user_user_permissions_user_id_permission_id_14a6b632_uniq UNIQUE (user_id, permission_id);


--
-- Name: auth_user auth_user_username_key; Type: CONSTRAINT; Schema: public; Owner: -
--

ALTER TABLE ONLY public.auth_user
    ADD CONSTRAINT auth_user_username_key UNIQUE (username);


--
-- Name: django_admin_log django_admin_log_pkey; Type: CONSTRAINT; Schema: public; Owner: -
--

ALTER TABLE ONLY public.django_admin_log
    ADD CONSTRAINT django_admin_log_pkey PRIMARY KEY (id);


--
-- Name: django_content_type django_content_type_app_label_model_76bd3d3b_uniq; Type: CONSTRAINT; Schema: public; Owner: -
--

ALTER TABLE ONLY public.django_content_type
    ADD CONSTRAINT django_content_type_app_label_model_76bd3d3b_uniq UNIQUE (app_label, model);


--
-- Name: django_content_type django_content_type_pkey; Type: CONSTRAINT; Schema: public; Owner: -
--

ALTER TABLE ONLY public.django_content_type
    ADD CONSTRAINT django_content_type_pkey PRIMARY KEY (id);


--
-- Name: django_migrations django_migrations_pkey; Type: CONSTRAINT; Schema: public; Owner: -
--

ALTER TABLE ONLY public.django_migrations
    ADD CONSTRAINT django_migrations_pkey PRIMARY KEY (id);


--
-- Name: django_session django_session_pkey; Type: CONSTRAINT; Schema: public; Owner: -
--

ALTER TABLE ONLY public.django_session
    ADD CONSTRAINT django_session_pkey PRIMARY KEY (session_key);


--
-- Name: orders_deliveryorder orders_deliveryorder_pkey; Type: CONSTRAINT; Schema: public; Owner: -
--

ALTER TABLE ONLY public.orders_deliveryorder
    ADD CONSTRAINT orders_deliveryorder_pkey PRIMARY KEY (order_ptr_id);


--
-- Name: orders_order orders_order_pkey; Type: CONSTRAINT; Schema: public; Owner: -
--

ALTER TABLE ONLY public.orders_order
    ADD CONSTRAINT orders_order_pkey PRIMARY KEY (id);


--
-- Name: orders_orderitem_extras orders_orderitem_extras_orderitem_id_productextr_c9d46b26_uniq; Type: CONSTRAINT; Schema: public; Owner: -
--

ALTER TABLE ONLY public.orders_orderitem_extras
    ADD CONSTRAINT orders_orderitem_extras_orderitem_id_productextr_c9d46b26_uniq UNIQUE (orderitem_id, productextra_id);


--
-- Name: orders_orderitem_extras orders_orderitem_extras_pkey; Type: CONSTRAINT; Schema: public; Owner: -
--

ALTER TABLE ONLY public.orders_orderitem_extras
    ADD CONSTRAINT orders_orderitem_extras_pkey PRIMARY KEY (id);


--
-- Name: orders_orderitem orders_orderitem_pkey; Type: CONSTRAINT; Schema: public; Owner: -
--

ALTER TABLE ONLY public.orders_orderitem
    ADD CONSTRAINT orders_orderitem_pkey PRIMARY KEY (id);


--
-- Name: orders_tableorder orders_tableorder_pkey; Type: CONSTRAINT; Schema: public; Owner: -
--

ALTER TABLE ONLY public.orders_tableorder
    ADD CONSTRAINT orders_tableorder_pkey PRIMARY KEY (order_ptr_id);


--
-- Name: orders_takeawayorder orders_takeawayorder_pkey; Type: CONSTRAINT; Schema: public; Owner: -
--

ALTER TABLE ONLY public.orders_takeawayorder
    ADD CONSTRAINT orders_takeawayorder_pkey PRIMARY KEY (order_ptr_id);


--
-- Name: products_category products_category_pkey; Type: CONSTRAINT; Schema: public; Owner: -
--

ALTER TABLE ONLY public.products_category
    ADD CONSTRAINT products_category_pkey PRIMARY KEY (id);


--
-- Name: products_categoryextra products_categoryextra_pkey; Type: CONSTRAINT; Schema: public; Owner: -
--

ALTER TABLE ONLY public.products_categoryextra
    ADD CONSTRAINT products_categoryextra_pkey PRIMARY KEY (id);


--
-- Name: products_product products_item_pkey; Type: CONSTRAINT; Schema: public; Owner: -
--

ALTER TABLE ONLY public.products_product
    ADD CONSTRAINT products_item_pkey PRIMARY KEY (id);


--
-- Name: products_productextra products_productextra_pkey; Type: CONSTRAINT; Schema: public; Owner: -
--

ALTER TABLE ONLY public.products_productextra
    ADD CONSTRAINT products_productextra_pkey PRIMARY KEY (id);


--
-- Name: restaurant_branch restaurant_branch_pkey; Type: CONSTRAINT; Schema: public; Owner: -
--

ALTER TABLE ONLY public.restaurant_branch
    ADD CONSTRAINT restaurant_branch_pkey PRIMARY KEY (id);


--
-- Name: restaurant_restaurant restaurant_restaurant_name_key; Type: CONSTRAINT; Schema: public; Owner: -
--

ALTER TABLE ONLY public.restaurant_restaurant
    ADD CONSTRAINT restaurant_restaurant_name_key UNIQUE (name);


--
-- Name: restaurant_restaurant restaurant_restaurant_pkey; Type: CONSTRAINT; Schema: public; Owner: -
--

ALTER TABLE ONLY public.restaurant_restaurant
    ADD CONSTRAINT restaurant_restaurant_pkey PRIMARY KEY (id);


--
-- Name: restaurant_table restaurant_table_pkey; Type: CONSTRAINT; Schema: public; Owner: -
--

ALTER TABLE ONLY public.restaurant_table
    ADD CONSTRAINT restaurant_table_pkey PRIMARY KEY (id);


--
-- Name: subscription_plan subscription_plan_pkey; Type: CONSTRAINT; Schema: public; Owner: -
--

ALTER TABLE ONLY public.subscription_plan
    ADD CONSTRAINT subscription_plan_pkey PRIMARY KEY (id);


--
-- Name: subscription_subscription subscription_subscription_pkey; Type: CONSTRAINT; Schema: public; Owner: -
--

ALTER TABLE ONLY public.subscription_subscription
    ADD CONSTRAINT subscription_subscription_pkey PRIMARY KEY (id);


--
-- Name: subscription_subscriptionfeature subscription_subscriptionfeature_pkey; Type: CONSTRAINT; Schema: public; Owner: -
--

ALTER TABLE ONLY public.subscription_subscriptionfeature
    ADD CONSTRAINT subscription_subscriptionfeature_pkey PRIMARY KEY (id);


--
-- Name: restaurant_branch unique_branch; Type: CONSTRAINT; Schema: public; Owner: -
--

ALTER TABLE ONLY public.restaurant_branch
    ADD CONSTRAINT unique_branch UNIQUE (name, address);


--
-- Name: users_admin users_admin_pkey; Type: CONSTRAINT; Schema: public; Owner: -
--

ALTER TABLE ONLY public.users_admin
    ADD CONSTRAINT users_admin_pkey PRIMARY KEY (person_ptr_id);


--
-- Name: users_branchstaff users_branchstaff_pkey; Type: CONSTRAINT; Schema: public; Owner: -
--

ALTER TABLE ONLY public.users_branchstaff
    ADD CONSTRAINT users_branchstaff_pkey PRIMARY KEY (employee_ptr_id);


--
-- Name: users_cashier users_cashier_pkey; Type: CONSTRAINT; Schema: public; Owner: -
--

ALTER TABLE ONLY public.users_cashier
    ADD CONSTRAINT users_cashier_pkey PRIMARY KEY (employee_ptr_id);


--
-- Name: users_employee users_employee_pkey; Type: CONSTRAINT; Schema: public; Owner: -
--

ALTER TABLE ONLY public.users_employee
    ADD CONSTRAINT users_employee_pkey PRIMARY KEY (person_ptr_id);


--
-- Name: users_kitchen users_kitchen_pkey; Type: CONSTRAINT; Schema: public; Owner: -
--

ALTER TABLE ONLY public.users_kitchen
    ADD CONSTRAINT users_kitchen_pkey PRIMARY KEY (employee_ptr_id);


--
-- Name: users_manager users_manager_pkey; Type: CONSTRAINT; Schema: public; Owner: -
--

ALTER TABLE ONLY public.users_manager
    ADD CONSTRAINT users_manager_pkey PRIMARY KEY (employee_ptr_id);


--
-- Name: users_person users_person_pkey; Type: CONSTRAINT; Schema: public; Owner: -
--

ALTER TABLE ONLY public.users_person
    ADD CONSTRAINT users_person_pkey PRIMARY KEY (id);


--
-- Name: users_person users_person_user_id_key; Type: CONSTRAINT; Schema: public; Owner: -
--

ALTER TABLE ONLY public.users_person
    ADD CONSTRAINT users_person_user_id_key UNIQUE (user_id);


--
-- Name: users_waiter users_waiter_pkey; Type: CONSTRAINT; Schema: public; Owner: -
--

ALTER TABLE ONLY public.users_waiter
    ADD CONSTRAINT users_waiter_pkey PRIMARY KEY (employee_ptr_id);


--
-- Name: auth_group_name_a6ea08ec_like; Type: INDEX; Schema: public; Owner: -
--

CREATE INDEX auth_group_name_a6ea08ec_like ON public.auth_group USING btree (name varchar_pattern_ops);


--
-- Name: auth_group_permissions_group_id_b120cbf9; Type: INDEX; Schema: public; Owner: -
--

CREATE INDEX auth_group_permissions_group_id_b120cbf9 ON public.auth_group_permissions USING btree (group_id);


--
-- Name: auth_group_permissions_permission_id_84c5c92e; Type: INDEX; Schema: public; Owner: -
--

CREATE INDEX auth_group_permissions_permission_id_84c5c92e ON public.auth_group_permissions USING btree (permission_id);


--
-- Name: auth_permission_content_type_id_2f476e4b; Type: INDEX; Schema: public; Owner: -
--

CREATE INDEX auth_permission_content_type_id_2f476e4b ON public.auth_permission USING btree (content_type_id);


--
-- Name: auth_user_groups_group_id_97559544; Type: INDEX; Schema: public; Owner: -
--

CREATE INDEX auth_user_groups_group_id_97559544 ON public.auth_user_groups USING btree (group_id);


--
-- Name: auth_user_groups_user_id_6a12ed8b; Type: INDEX; Schema: public; Owner: -
--

CREATE INDEX auth_user_groups_user_id_6a12ed8b ON public.auth_user_groups USING btree (user_id);


--
-- Name: auth_user_user_permissions_permission_id_1fbb5f2c; Type: INDEX; Schema: public; Owner: -
--

CREATE INDEX auth_user_user_permissions_permission_id_1fbb5f2c ON public.auth_user_user_permissions USING btree (permission_id);


--
-- Name: auth_user_user_permissions_user_id_a95ead1b; Type: INDEX; Schema: public; Owner: -
--

CREATE INDEX auth_user_user_permissions_user_id_a95ead1b ON public.auth_user_user_permissions USING btree (user_id);


--
-- Name: auth_user_username_6821ab7c_like; Type: INDEX; Schema: public; Owner: -
--

CREATE INDEX auth_user_username_6821ab7c_like ON public.auth_user USING btree (username varchar_pattern_ops);


--
-- Name: django_admin_log_content_type_id_c4bce8eb; Type: INDEX; Schema: public; Owner: -
--

CREATE INDEX django_admin_log_content_type_id_c4bce8eb ON public.django_admin_log USING btree (content_type_id);


--
-- Name: django_admin_log_user_id_c564eba6; Type: INDEX; Schema: public; Owner: -
--

CREATE INDEX django_admin_log_user_id_c564eba6 ON public.django_admin_log USING btree (user_id);


--
-- Name: django_session_expire_date_a5c62663; Type: INDEX; Schema: public; Owner: -
--

CREATE INDEX django_session_expire_date_a5c62663 ON public.django_session USING btree (expire_date);


--
-- Name: django_session_session_key_c0390e0f_like; Type: INDEX; Schema: public; Owner: -
--

CREATE INDEX django_session_session_key_c0390e0f_like ON public.django_session USING btree (session_key varchar_pattern_ops);


--
-- Name: orders_orderitem_extras_orderitem_id_a3d896ed; Type: INDEX; Schema: public; Owner: -
--

CREATE INDEX orders_orderitem_extras_orderitem_id_a3d896ed ON public.orders_orderitem_extras USING btree (orderitem_id);


--
-- Name: orders_orderitem_extras_productextra_id_b0017b93; Type: INDEX; Schema: public; Owner: -
--

CREATE INDEX orders_orderitem_extras_productextra_id_b0017b93 ON public.orders_orderitem_extras USING btree (productextra_id);


--
-- Name: orders_orderitem_order_id_fe61a34d; Type: INDEX; Schema: public; Owner: -
--

CREATE INDEX orders_orderitem_order_id_fe61a34d ON public.orders_orderitem USING btree (order_id);


--
-- Name: orders_orderitem_product_id_afe4254a; Type: INDEX; Schema: public; Owner: -
--

CREATE INDEX orders_orderitem_product_id_afe4254a ON public.orders_orderitem USING btree (product_id);


--
-- Name: orders_tableorder_table_id_399b3bc7; Type: INDEX; Schema: public; Owner: -
--

CREATE INDEX orders_tableorder_table_id_399b3bc7 ON public.orders_tableorder USING btree (table_id);


--
-- Name: orders_takeawayorder_branch_staff_id_a621aa09; Type: INDEX; Schema: public; Owner: -
--

CREATE INDEX orders_takeawayorder_branch_staff_id_a621aa09 ON public.orders_takeawayorder USING btree (branch_staff_id);


--
-- Name: products_category_restaurant_id_3ea6171d; Type: INDEX; Schema: public; Owner: -
--

CREATE INDEX products_category_restaurant_id_3ea6171d ON public.products_category USING btree (restaurant_id);


--
-- Name: products_product_category_id_9b594869; Type: INDEX; Schema: public; Owner: -
--

CREATE INDEX products_product_category_id_9b594869 ON public.products_product USING btree (category_id);


--
-- Name: products_productextra_category_id_89ae7efe; Type: INDEX; Schema: public; Owner: -
--

CREATE INDEX products_productextra_category_id_89ae7efe ON public.products_productextra USING btree (category_id);


--
-- Name: products_productextra_product_id_a6c62a7e; Type: INDEX; Schema: public; Owner: -
--

CREATE INDEX products_productextra_product_id_a6c62a7e ON public.products_productextra USING btree (product_id);


--
-- Name: restaurant_branch_employees_id_a558f582; Type: INDEX; Schema: public; Owner: -
--

CREATE INDEX restaurant_branch_employees_id_a558f582 ON public.restaurant_branch USING btree (employees_id);


--
-- Name: restaurant_branch_restaurant_id_5b6a29e8; Type: INDEX; Schema: public; Owner: -
--

CREATE INDEX restaurant_branch_restaurant_id_5b6a29e8 ON public.restaurant_branch USING btree (restaurant_id);


--
-- Name: restaurant_restaurant_name_5e925c4a_like; Type: INDEX; Schema: public; Owner: -
--

CREATE INDEX restaurant_restaurant_name_5e925c4a_like ON public.restaurant_restaurant USING btree (name varchar_pattern_ops);


--
-- Name: restaurant_table_branch_id_26568608; Type: INDEX; Schema: public; Owner: -
--

CREATE INDEX restaurant_table_branch_id_26568608 ON public.restaurant_table USING btree (branch_id);


--
-- Name: restaurant_table_waiter_id_1028c3be; Type: INDEX; Schema: public; Owner: -
--

CREATE INDEX restaurant_table_waiter_id_1028c3be ON public.restaurant_table USING btree (waiter_id);


--
-- Name: subscription_subscription_plan_id_d70401a6; Type: INDEX; Schema: public; Owner: -
--

CREATE INDEX subscription_subscription_plan_id_d70401a6 ON public.subscription_subscription USING btree (plan_id);


--
-- Name: subscription_subscription_restaurant_id_bf16a9ab; Type: INDEX; Schema: public; Owner: -
--

CREATE INDEX subscription_subscription_restaurant_id_bf16a9ab ON public.subscription_subscription USING btree (restaurant_id);


--
-- Name: subscription_subscriptionfeature_plan_id_b6f896e3; Type: INDEX; Schema: public; Owner: -
--

CREATE INDEX subscription_subscriptionfeature_plan_id_b6f896e3 ON public.subscription_subscriptionfeature USING btree (plan_id);


--
-- Name: users_employee_branch_id_29f694ec; Type: INDEX; Schema: public; Owner: -
--

CREATE INDEX users_employee_branch_id_29f694ec ON public.users_employee USING btree (branch_id);


--
-- Name: users_manager_restaurant_id_66f8024c; Type: INDEX; Schema: public; Owner: -
--

CREATE INDEX users_manager_restaurant_id_66f8024c ON public.users_manager USING btree (restaurant_id);


--
-- Name: auth_group_permissions auth_group_permissio_permission_id_84c5c92e_fk_auth_perm; Type: FK CONSTRAINT; Schema: public; Owner: -
--

ALTER TABLE ONLY public.auth_group_permissions
    ADD CONSTRAINT auth_group_permissio_permission_id_84c5c92e_fk_auth_perm FOREIGN KEY (permission_id) REFERENCES public.auth_permission(id) DEFERRABLE INITIALLY DEFERRED;


--
-- Name: auth_group_permissions auth_group_permissions_group_id_b120cbf9_fk_auth_group_id; Type: FK CONSTRAINT; Schema: public; Owner: -
--

ALTER TABLE ONLY public.auth_group_permissions
    ADD CONSTRAINT auth_group_permissions_group_id_b120cbf9_fk_auth_group_id FOREIGN KEY (group_id) REFERENCES public.auth_group(id) DEFERRABLE INITIALLY DEFERRED;


--
-- Name: auth_permission auth_permission_content_type_id_2f476e4b_fk_django_co; Type: FK CONSTRAINT; Schema: public; Owner: -
--

ALTER TABLE ONLY public.auth_permission
    ADD CONSTRAINT auth_permission_content_type_id_2f476e4b_fk_django_co FOREIGN KEY (content_type_id) REFERENCES public.django_content_type(id) DEFERRABLE INITIALLY DEFERRED;


--
-- Name: auth_user_groups auth_user_groups_group_id_97559544_fk_auth_group_id; Type: FK CONSTRAINT; Schema: public; Owner: -
--

ALTER TABLE ONLY public.auth_user_groups
    ADD CONSTRAINT auth_user_groups_group_id_97559544_fk_auth_group_id FOREIGN KEY (group_id) REFERENCES public.auth_group(id) DEFERRABLE INITIALLY DEFERRED;


--
-- Name: auth_user_groups auth_user_groups_user_id_6a12ed8b_fk_auth_user_id; Type: FK CONSTRAINT; Schema: public; Owner: -
--

ALTER TABLE ONLY public.auth_user_groups
    ADD CONSTRAINT auth_user_groups_user_id_6a12ed8b_fk_auth_user_id FOREIGN KEY (user_id) REFERENCES public.auth_user(id) DEFERRABLE INITIALLY DEFERRED;


--
-- Name: auth_user_user_permissions auth_user_user_permi_permission_id_1fbb5f2c_fk_auth_perm; Type: FK CONSTRAINT; Schema: public; Owner: -
--

ALTER TABLE ONLY public.auth_user_user_permissions
    ADD CONSTRAINT auth_user_user_permi_permission_id_1fbb5f2c_fk_auth_perm FOREIGN KEY (permission_id) REFERENCES public.auth_permission(id) DEFERRABLE INITIALLY DEFERRED;


--
-- Name: auth_user_user_permissions auth_user_user_permissions_user_id_a95ead1b_fk_auth_user_id; Type: FK CONSTRAINT; Schema: public; Owner: -
--

ALTER TABLE ONLY public.auth_user_user_permissions
    ADD CONSTRAINT auth_user_user_permissions_user_id_a95ead1b_fk_auth_user_id FOREIGN KEY (user_id) REFERENCES public.auth_user(id) DEFERRABLE INITIALLY DEFERRED;


--
-- Name: django_admin_log django_admin_log_content_type_id_c4bce8eb_fk_django_co; Type: FK CONSTRAINT; Schema: public; Owner: -
--

ALTER TABLE ONLY public.django_admin_log
    ADD CONSTRAINT django_admin_log_content_type_id_c4bce8eb_fk_django_co FOREIGN KEY (content_type_id) REFERENCES public.django_content_type(id) DEFERRABLE INITIALLY DEFERRED;


--
-- Name: django_admin_log django_admin_log_user_id_c564eba6_fk_auth_user_id; Type: FK CONSTRAINT; Schema: public; Owner: -
--

ALTER TABLE ONLY public.django_admin_log
    ADD CONSTRAINT django_admin_log_user_id_c564eba6_fk_auth_user_id FOREIGN KEY (user_id) REFERENCES public.auth_user(id) DEFERRABLE INITIALLY DEFERRED;


--
-- Name: orders_deliveryorder orders_deliveryorder_order_ptr_id_7b8fe813_fk_orders_order_id; Type: FK CONSTRAINT; Schema: public; Owner: -
--

ALTER TABLE ONLY public.orders_deliveryorder
    ADD CONSTRAINT orders_deliveryorder_order_ptr_id_7b8fe813_fk_orders_order_id FOREIGN KEY (order_ptr_id) REFERENCES public.orders_order(id) DEFERRABLE INITIALLY DEFERRED;


--
-- Name: orders_orderitem_extras orders_orderitem_ext_orderitem_id_a3d896ed_fk_orders_or; Type: FK CONSTRAINT; Schema: public; Owner: -
--

ALTER TABLE ONLY public.orders_orderitem_extras
    ADD CONSTRAINT orders_orderitem_ext_orderitem_id_a3d896ed_fk_orders_or FOREIGN KEY (orderitem_id) REFERENCES public.orders_orderitem(id) DEFERRABLE INITIALLY DEFERRED;


--
-- Name: orders_orderitem_extras orders_orderitem_ext_productextra_id_b0017b93_fk_products_; Type: FK CONSTRAINT; Schema: public; Owner: -
--

ALTER TABLE ONLY public.orders_orderitem_extras
    ADD CONSTRAINT orders_orderitem_ext_productextra_id_b0017b93_fk_products_ FOREIGN KEY (productextra_id) REFERENCES public.products_productextra(id) DEFERRABLE INITIALLY DEFERRED;


--
-- Name: orders_orderitem orders_orderitem_order_id_fe61a34d_fk_orders_order_id; Type: FK CONSTRAINT; Schema: public; Owner: -
--

ALTER TABLE ONLY public.orders_orderitem
    ADD CONSTRAINT orders_orderitem_order_id_fe61a34d_fk_orders_order_id FOREIGN KEY (order_id) REFERENCES public.orders_order(id) DEFERRABLE INITIALLY DEFERRED;


--
-- Name: orders_orderitem orders_orderitem_product_id_afe4254a_fk_products_product_id; Type: FK CONSTRAINT; Schema: public; Owner: -
--

ALTER TABLE ONLY public.orders_orderitem
    ADD CONSTRAINT orders_orderitem_product_id_afe4254a_fk_products_product_id FOREIGN KEY (product_id) REFERENCES public.products_product(id) DEFERRABLE INITIALLY DEFERRED;


--
-- Name: orders_tableorder orders_tableorder_order_ptr_id_f2d4ba20_fk_orders_order_id; Type: FK CONSTRAINT; Schema: public; Owner: -
--

ALTER TABLE ONLY public.orders_tableorder
    ADD CONSTRAINT orders_tableorder_order_ptr_id_f2d4ba20_fk_orders_order_id FOREIGN KEY (order_ptr_id) REFERENCES public.orders_order(id) DEFERRABLE INITIALLY DEFERRED;


--
-- Name: orders_tableorder orders_tableorder_table_id_399b3bc7_fk_restaurant_table_id; Type: FK CONSTRAINT; Schema: public; Owner: -
--

ALTER TABLE ONLY public.orders_tableorder
    ADD CONSTRAINT orders_tableorder_table_id_399b3bc7_fk_restaurant_table_id FOREIGN KEY (table_id) REFERENCES public.restaurant_table(id) DEFERRABLE INITIALLY DEFERRED;


--
-- Name: orders_takeawayorder orders_takeawayorder_branch_staff_id_a621aa09_fk_users_bra; Type: FK CONSTRAINT; Schema: public; Owner: -
--

ALTER TABLE ONLY public.orders_takeawayorder
    ADD CONSTRAINT orders_takeawayorder_branch_staff_id_a621aa09_fk_users_bra FOREIGN KEY (branch_staff_id) REFERENCES public.users_branchstaff(employee_ptr_id) DEFERRABLE INITIALLY DEFERRED;


--
-- Name: orders_takeawayorder orders_takeawayorder_order_ptr_id_088b53e1_fk_orders_order_id; Type: FK CONSTRAINT; Schema: public; Owner: -
--

ALTER TABLE ONLY public.orders_takeawayorder
    ADD CONSTRAINT orders_takeawayorder_order_ptr_id_088b53e1_fk_orders_order_id FOREIGN KEY (order_ptr_id) REFERENCES public.orders_order(id) DEFERRABLE INITIALLY DEFERRED;


--
-- Name: products_category products_category_restaurant_id_3ea6171d_fk_restauran; Type: FK CONSTRAINT; Schema: public; Owner: -
--

ALTER TABLE ONLY public.products_category
    ADD CONSTRAINT products_category_restaurant_id_3ea6171d_fk_restauran FOREIGN KEY (restaurant_id) REFERENCES public.restaurant_restaurant(id) DEFERRABLE INITIALLY DEFERRED;


--
-- Name: products_product products_product_category_id_9b594869_fk_products_category_id; Type: FK CONSTRAINT; Schema: public; Owner: -
--

ALTER TABLE ONLY public.products_product
    ADD CONSTRAINT products_product_category_id_9b594869_fk_products_category_id FOREIGN KEY (category_id) REFERENCES public.products_category(id) DEFERRABLE INITIALLY DEFERRED;


--
-- Name: products_productextra products_productextr_category_id_89ae7efe_fk_products_; Type: FK CONSTRAINT; Schema: public; Owner: -
--

ALTER TABLE ONLY public.products_productextra
    ADD CONSTRAINT products_productextr_category_id_89ae7efe_fk_products_ FOREIGN KEY (category_id) REFERENCES public.products_categoryextra(id) DEFERRABLE INITIALLY DEFERRED;


--
-- Name: products_productextra products_productextr_product_id_a6c62a7e_fk_products_; Type: FK CONSTRAINT; Schema: public; Owner: -
--

ALTER TABLE ONLY public.products_productextra
    ADD CONSTRAINT products_productextr_product_id_a6c62a7e_fk_products_ FOREIGN KEY (product_id) REFERENCES public.products_product(id) DEFERRABLE INITIALLY DEFERRED;


--
-- Name: restaurant_branch restaurant_branch_employees_id_a558f582_fk_users_emp; Type: FK CONSTRAINT; Schema: public; Owner: -
--

ALTER TABLE ONLY public.restaurant_branch
    ADD CONSTRAINT restaurant_branch_employees_id_a558f582_fk_users_emp FOREIGN KEY (employees_id) REFERENCES public.users_employee(person_ptr_id) DEFERRABLE INITIALLY DEFERRED;


--
-- Name: restaurant_branch restaurant_branch_restaurant_id_5b6a29e8_fk_restauran; Type: FK CONSTRAINT; Schema: public; Owner: -
--

ALTER TABLE ONLY public.restaurant_branch
    ADD CONSTRAINT restaurant_branch_restaurant_id_5b6a29e8_fk_restauran FOREIGN KEY (restaurant_id) REFERENCES public.restaurant_restaurant(id) DEFERRABLE INITIALLY DEFERRED;


--
-- Name: restaurant_table restaurant_table_branch_id_26568608_fk_restaurant_branch_id; Type: FK CONSTRAINT; Schema: public; Owner: -
--

ALTER TABLE ONLY public.restaurant_table
    ADD CONSTRAINT restaurant_table_branch_id_26568608_fk_restaurant_branch_id FOREIGN KEY (branch_id) REFERENCES public.restaurant_branch(id) DEFERRABLE INITIALLY DEFERRED;


--
-- Name: restaurant_table restaurant_table_waiter_id_1028c3be_fk_users_wai; Type: FK CONSTRAINT; Schema: public; Owner: -
--

ALTER TABLE ONLY public.restaurant_table
    ADD CONSTRAINT restaurant_table_waiter_id_1028c3be_fk_users_wai FOREIGN KEY (waiter_id) REFERENCES public.users_waiter(employee_ptr_id) DEFERRABLE INITIALLY DEFERRED;


--
-- Name: subscription_subscriptionfeature subscription_subscri_plan_id_b6f896e3_fk_subscript; Type: FK CONSTRAINT; Schema: public; Owner: -
--

ALTER TABLE ONLY public.subscription_subscriptionfeature
    ADD CONSTRAINT subscription_subscri_plan_id_b6f896e3_fk_subscript FOREIGN KEY (plan_id) REFERENCES public.subscription_plan(id) DEFERRABLE INITIALLY DEFERRED;


--
-- Name: subscription_subscription subscription_subscri_plan_id_d70401a6_fk_subscript; Type: FK CONSTRAINT; Schema: public; Owner: -
--

ALTER TABLE ONLY public.subscription_subscription
    ADD CONSTRAINT subscription_subscri_plan_id_d70401a6_fk_subscript FOREIGN KEY (plan_id) REFERENCES public.subscription_plan(id) DEFERRABLE INITIALLY DEFERRED;


--
-- Name: subscription_subscription subscription_subscri_restaurant_id_bf16a9ab_fk_restauran; Type: FK CONSTRAINT; Schema: public; Owner: -
--

ALTER TABLE ONLY public.subscription_subscription
    ADD CONSTRAINT subscription_subscri_restaurant_id_bf16a9ab_fk_restauran FOREIGN KEY (restaurant_id) REFERENCES public.restaurant_restaurant(id) DEFERRABLE INITIALLY DEFERRED;


--
-- Name: users_admin users_admin_person_ptr_id_e90325c5_fk_users_person_id; Type: FK CONSTRAINT; Schema: public; Owner: -
--

ALTER TABLE ONLY public.users_admin
    ADD CONSTRAINT users_admin_person_ptr_id_e90325c5_fk_users_person_id FOREIGN KEY (person_ptr_id) REFERENCES public.users_person(id) DEFERRABLE INITIALLY DEFERRED;


--
-- Name: users_branchstaff users_branchstaff_employee_ptr_id_55bc4c17_fk_users_emp; Type: FK CONSTRAINT; Schema: public; Owner: -
--

ALTER TABLE ONLY public.users_branchstaff
    ADD CONSTRAINT users_branchstaff_employee_ptr_id_55bc4c17_fk_users_emp FOREIGN KEY (employee_ptr_id) REFERENCES public.users_employee(person_ptr_id) DEFERRABLE INITIALLY DEFERRED;


--
-- Name: users_cashier users_cashier_employee_ptr_id_8117f08f_fk_users_emp; Type: FK CONSTRAINT; Schema: public; Owner: -
--

ALTER TABLE ONLY public.users_cashier
    ADD CONSTRAINT users_cashier_employee_ptr_id_8117f08f_fk_users_emp FOREIGN KEY (employee_ptr_id) REFERENCES public.users_employee(person_ptr_id) DEFERRABLE INITIALLY DEFERRED;


--
-- Name: users_employee users_employee_branch_id_29f694ec_fk_restaurant_branch_id; Type: FK CONSTRAINT; Schema: public; Owner: -
--

ALTER TABLE ONLY public.users_employee
    ADD CONSTRAINT users_employee_branch_id_29f694ec_fk_restaurant_branch_id FOREIGN KEY (branch_id) REFERENCES public.restaurant_branch(id) DEFERRABLE INITIALLY DEFERRED;


--
-- Name: users_employee users_employee_person_ptr_id_ac16200e_fk_users_person_id; Type: FK CONSTRAINT; Schema: public; Owner: -
--

ALTER TABLE ONLY public.users_employee
    ADD CONSTRAINT users_employee_person_ptr_id_ac16200e_fk_users_person_id FOREIGN KEY (person_ptr_id) REFERENCES public.users_person(id) DEFERRABLE INITIALLY DEFERRED;


--
-- Name: users_kitchen users_kitchen_employee_ptr_id_673bac17_fk_users_emp; Type: FK CONSTRAINT; Schema: public; Owner: -
--

ALTER TABLE ONLY public.users_kitchen
    ADD CONSTRAINT users_kitchen_employee_ptr_id_673bac17_fk_users_emp FOREIGN KEY (employee_ptr_id) REFERENCES public.users_employee(person_ptr_id) DEFERRABLE INITIALLY DEFERRED;


--
-- Name: users_manager users_manager_employee_ptr_id_4b8e0499_fk_users_emp; Type: FK CONSTRAINT; Schema: public; Owner: -
--

ALTER TABLE ONLY public.users_manager
    ADD CONSTRAINT users_manager_employee_ptr_id_4b8e0499_fk_users_emp FOREIGN KEY (employee_ptr_id) REFERENCES public.users_employee(person_ptr_id) DEFERRABLE INITIALLY DEFERRED;


--
-- Name: users_manager users_manager_restaurant_id_66f8024c_fk_restauran; Type: FK CONSTRAINT; Schema: public; Owner: -
--

ALTER TABLE ONLY public.users_manager
    ADD CONSTRAINT users_manager_restaurant_id_66f8024c_fk_restauran FOREIGN KEY (restaurant_id) REFERENCES public.restaurant_restaurant(id) DEFERRABLE INITIALLY DEFERRED;


--
-- Name: users_person users_person_user_id_af9ab8f1_fk_auth_user_id; Type: FK CONSTRAINT; Schema: public; Owner: -
--

ALTER TABLE ONLY public.users_person
    ADD CONSTRAINT users_person_user_id_af9ab8f1_fk_auth_user_id FOREIGN KEY (user_id) REFERENCES public.auth_user(id) DEFERRABLE INITIALLY DEFERRED;


--
-- Name: users_waiter users_waiter_employee_ptr_id_412034a7_fk_users_emp; Type: FK CONSTRAINT; Schema: public; Owner: -
--

ALTER TABLE ONLY public.users_waiter
    ADD CONSTRAINT users_waiter_employee_ptr_id_412034a7_fk_users_emp FOREIGN KEY (employee_ptr_id) REFERENCES public.users_employee(person_ptr_id) DEFERRABLE INITIALLY DEFERRED;


--
-- PostgreSQL database dump complete
--

